Sales Rep,%SalesRepId,Sales Rep Performance
Brad Taylor,108,High Performer
Peggie Hurt,162,High Performer
Jose Bowen,136,High Performer
Judy Rowlett,139,High Performer
Judy Thurman,141,Low Performer
Sharon Carver,175,Low Performer
Amelia Fields,105,High Performer
Brenda Kegler,110,High Performer
Dennis Fisher,120,Low Performer
Jimmie Holley,131,High Performer
Kathy Clinton,144,High Performer
Teresa Lynch,183,High Performer
Cart Lynch,112,Low Performer
William Fisher,185,High Performer
Edward Smith,129,High Performer
Edward Smith,152,High Performer
Patricia Taylor,161,High Performer
Lee Chin,149,High Performer
Stewart Wind,181,Low Performer
Scott Powell,173,High Performer
Stephanie Reagan,179,High Performer
Max Blagburn,154,High Performer
Michael Stephens,155,High Performer
Marian White,151,Low Performer
Angelen Carter,107,High Performer
Ted Moy,182,High Performer
Edward Laychak,127,High Performer
Martha Richard,153,High Performer
Don Simmons,124,High Performer
Ken Roberts,145,Low Performer
Dennis Johnson,121,High Performer
John Greg,134,High Performer
David Howard,117,High Performer
Sheila Hein,176,High Performer
Cary Frank,113,Low Performer
Kim Williams,147,High Performer
Amalia Craig,103,High Performer
Cheryle Sincock,114,High Performer
Ronald Milam,167,Low Performer
TAGnology,180,Low Performer
Micheal Williams,157,High Performer
John Davis,132,Low Performer
Lisa Taylor,150,High Performer
David Laychak,118,High Performer
Karl Anderson,143,High Performer
Bima Malek,158,High Performer
Deborah Halmon,119,High Performer
Ruth Sakas,168,High Performer
Brenda Gibson,109,Low Performer
Molly McKenzie,159,Low Performer
Sandra Barone,170,High Performer
Janice Scott,130,Low Performer
Carolyn Halmon,111,High Performer
Craig Amundson,115,Low Performer
Donna Brown,125,High Performer
Karen Clinton,142,High Performer
Craig Lary,116,High Performer
Amanda Honda,104,Low Performer
Sandra Howard,172,High Performer
Viginia Mountain,184,Low Performer
Ronald Golinski,166,Low Performer
Odessa Morris,160,High Performer
Robert Kim,163,High Performer
Samantha Allen,169,Low Performer
